产品编号,原料,类型,价格,库存,产品图片
P55326699,全麦面包,吐司,45.0,282,https://dummyimage.com/480x720
P66291306,酸酵面包,吐司,32.1,1756,https://dummyimage.com/480x720
P52115293,杂粮面包,扁平,42.4,1338,https://picsum.photos/480/720
P69998078,白面包,吐司,31.4,689,https://picsum.photos/480/720
P78744710,白面包,牛角,16.4,699,https://placekitten.com/480/720
P02992401,酸酵面包,花式,40.8,669,https://placekitten.com/480/720
P90466083,酸酵面包,吐司,21.9,98,https://dummyimage.com/480x720
P77741525,全麦面包,吐司,44.4,1617,https://dummyimage.com/480x720
P98442024,全麦面包,吐司,33.6,1154,https://dummyimage.com/480x720
P44519340,白面包,牛角,28.7,1248,https://dummyimage.com/480x720
P61947914,白面包,吐司,34.8,1342,https://picsum.photos/480/720
P00077945,酸酵面包,吐司,37.0,413,https://placekitten.com/480/720
P53937286,杂粮面包,吐司,26.8,1934,https://dummyimage.com/480x720
P72454693,全麦面包,扁平,12.5,636,https://picsum.photos/480/720
P10596019,杂粮面包,牛角,43.6,431,https://dummyimage.com/480x720
P25812336,白面包,吐司,24.6,1847,https://placekitten.com/480/720
P03398522,杂粮面包,吐司,24.4,118,https://picsum.photos/480/720
P12276824,杂粮面包,花式,40.9,1696,https://dummyimage.com/480x720
P37752401,全麦面包,吐司,42.5,11,https://picsum.photos/480/720
P98263377,酸酵面包,扁平,21.7,1900,https://dummyimage.com/480x720
P86723590,全麦面包,花式,13.8,459,https://placekitten.com/480/720
P26857320,杂粮面包,牛角,31.3,1268,https://placekitten.com/480/720
P27155567,黑麦面包,牛角,12.3,293,https://placekitten.com/480/720
P12380743,杂粮面包,吐司,30.4,892,https://placekitten.com/480/720
P83275342,杂粮面包,扁平,42.4,1535,https://placekitten.com/480/720
P24827449,杂粮面包,花式,45.5,1728,https://picsum.photos/480/720
P80851030,白面包,扁平,41.1,15,https://placekitten.com/480/720
P00446201,杂粮面包,扁平,36.8,1672,https://placekitten.com/480/720
P17961487,杂粮面包,牛角,13.3,1004,https://picsum.photos/480/720
P21878750,黑麦面包,扁平,29.6,814,https://picsum.photos/480/720
P43187581,酸酵面包,扁平,11.3,1196,https://placekitten.com/480/720
P14962213,杂粮面包,牛角,43.0,184,https://dummyimage.com/480x720
P93513260,酸酵面包,吐司,22.4,1675,https://placekitten.com/480/720
P69659646,酸酵面包,吐司,39.4,595,https://dummyimage.com/480x720
P08085770,黑麦面包,牛角,13.2,1864,https://dummyimage.com/480x720
P17051851,酸酵面包,吐司,26.9,229,https://placekitten.com/480/720
P47579932,酸酵面包,吐司,34.0,344,https://dummyimage.com/480x720
P83245875,白面包,牛角,11.2,1380,https://dummyimage.com/480x720
P16800148,杂粮面包,花式,21.9,1773,https://picsum.photos/480/720
P06185333,白面包,花式,33.5,160,https://dummyimage.com/480x720
P89661423,黑麦面包,吐司,19.4,1620,https://placekitten.com/480/720
P03575779,黑麦面包,牛角,44.1,1610,https://placekitten.com/480/720
P29043973,全麦面包,牛角,36.8,1739,https://picsum.photos/480/720
P44923065,全麦面包,花式,48.9,1390,https://dummyimage.com/480x720
P64470968,全麦面包,吐司,45.0,951,https://placekitten.com/480/720
P29439557,白面包,花式,44.6,1674,https://dummyimage.com/480x720
P26645381,白面包,吐司,32.8,90,https://picsum.photos/480/720
P39159589,全麦面包,扁平,39.8,1939,https://placekitten.com/480/720
P05883966,白面包,吐司,12.6,1699,https://dummyimage.com/480x720
P70154156,全麦面包,扁平,41.9,16,https://dummyimage.com/480x720
P19248143,白面包,吐司,45.1,1820,https://dummyimage.com/480x720
P94114240,全麦面包,牛角,10.6,304,https://placekitten.com/480/720
P89698963,黑麦面包,牛角,28.1,1918,https://picsum.photos/480/720
P77955854,酸酵面包,花式,25.6,968,https://picsum.photos/480/720
P33901838,黑麦面包,法棍,10.5,1696,https://picsum.photos/480/720
P19388212,全麦面包,吐司,35.5,1702,https://picsum.photos/480/720
P13437751,杂粮面包,花式,14.5,241,https://placekitten.com/480/720
P30718594,白面包,吐司,23.6,1601,https://dummyimage.com/480x720
P57810984,杂粮面包,吐司,24.8,1802,https://picsum.photos/480/720
P85832692,白面包,扁平,44.7,199,https://placekitten.com/480/720
P66722559,白面包,吐司,36.2,1687,https://dummyimage.com/480x720
P02504371,全麦面包,吐司,48.0,848,https://picsum.photos/480/720
P87363965,杂粮面包,法棍,10.2,2000,https://dummyimage.com/480x720
P35300031,黑麦面包,法棍,40.7,1890,https://picsum.photos/480/720
P89954458,杂粮面包,吐司,30.8,741,https://placekitten.com/480/720
P30319178,酸酵面包,牛角,12.5,1732,https://placekitten.com/480/720
P65661346,酸酵面包,花式,14.6,620,https://placekitten.com/480/720
P80784569,全麦面包,法棍,27.0,1395,https://dummyimage.com/480x720
P26213702,全麦面包,牛角,17.0,622,https://dummyimage.com/480x720
P67838765,黑麦面包,牛角,14.8,1632,https://placekitten.com/480/720
P35191007,全麦面包,花式,23.3,1521,https://placekitten.com/480/720
P75705981,白面包,牛角,44.1,311,https://dummyimage.com/480x720
P05093663,白面包,扁平,37.9,1939,https://picsum.photos/480/720
P59065620,黑麦面包,牛角,41.6,265,https://picsum.photos/480/720
P99854267,白面包,吐司,38.8,640,https://placekitten.com/480/720
P06770010,白面包,牛角,15.1,1834,https://dummyimage.com/480x720
P99804556,杂粮面包,吐司,23.2,1068,https://dummyimage.com/480x720
P91786838,杂粮面包,吐司,36.4,1866,https://picsum.photos/480/720
P54296231,杂粮面包,吐司,11.6,545,https://dummyimage.com/480x720
P62905228,酸酵面包,吐司,41.3,317,https://dummyimage.com/480x720
P46425963,黑麦面包,扁平,27.9,736,https://placekitten.com/480/720
P50114871,白面包,吐司,16.6,1552,https://dummyimage.com/480x720
P52672174,全麦面包,扁平,43.4,1720,https://picsum.photos/480/720
P46982629,酸酵面包,吐司,25.8,1573,https://picsum.photos/480/720
P10832909,杂粮面包,法棍,20.2,1011,https://picsum.photos/480/720
P46190215,酸酵面包,扁平,44.6,1236,https://placekitten.com/480/720
P42900136,酸酵面包,吐司,42.9,1558,https://dummyimage.com/480x720
P43791504,白面包,牛角,39.2,935,https://picsum.photos/480/720
P28631165,杂粮面包,吐司,41.1,534,https://picsum.photos/480/720
P18648669,黑麦面包,吐司,33.3,1723,https://picsum.photos/480/720
P12614263,黑麦面包,法棍,37.8,1436,https://placekitten.com/480/720
P36928662,杂粮面包,吐司,28.8,990,https://picsum.photos/480/720
P77226300,酸酵面包,吐司,27.7,497,https://dummyimage.com/480x720
P53395612,黑麦面包,花式,35.4,675,https://picsum.photos/480/720
P11880908,黑麦面包,牛角,26.0,1483,https://picsum.photos/480/720
P76988138,酸酵面包,花式,24.4,1414,https://dummyimage.com/480x720
P73344419,白面包,吐司,34.4,229,https://dummyimage.com/480x720
P49288737,全麦面包,牛角,31.0,71,https://picsum.photos/480/720
P69971847,全麦面包,花式,30.8,1400,https://placekitten.com/480/720
P02037923,杂粮面包,扁平,34.4,1130,https://dummyimage.com/480x720
P49865056,杂粮面包,吐司,48.0,96,https://dummyimage.com/480x720
P56759097,杂粮面包,扁平,13.3,1156,https://dummyimage.com/480x720
P48336236,白面包,吐司,25.4,777,https://placekitten.com/480/720
P46484059,白面包,花式,40.3,1753,https://dummyimage.com/480x720
P47413006,全麦面包,花式,19.2,1167,https://placekitten.com/480/720
P25455366,酸酵面包,吐司,21.3,250,https://picsum.photos/480/720
P95761941,全麦面包,牛角,46.9,205,https://placekitten.com/480/720
P36530785,酸酵面包,花式,34.6,162,https://placekitten.com/480/720
P99911484,黑麦面包,扁平,23.5,1234,https://picsum.photos/480/720
P36339532,全麦面包,吐司,35.5,276,https://placekitten.com/480/720
P43523532,白面包,扁平,18.4,1605,https://placekitten.com/480/720
P08627257,黑麦面包,花式,24.0,1134,https://picsum.photos/480/720
P28864240,白面包,吐司,31.9,916,https://picsum.photos/480/720
P99466353,酸酵面包,法棍,44.0,1272,https://dummyimage.com/480x720
P99113222,全麦面包,花式,46.4,1791,https://placekitten.com/480/720
P36526166,黑麦面包,花式,34.5,1730,https://picsum.photos/480/720
P70911266,酸酵面包,吐司,48.3,1296,https://picsum.photos/480/720
P45471636,黑麦面包,花式,40.9,95,https://dummyimage.com/480x720
P16947722,酸酵面包,牛角,30.6,1855,https://picsum.photos/480/720
P96954167,全麦面包,吐司,37.7,1566,https://picsum.photos/480/720
P30219443,酸酵面包,扁平,13.6,502,https://picsum.photos/480/720
P59456745,杂粮面包,吐司,22.7,1345,https://placekitten.com/480/720
P99323484,白面包,牛角,46.3,1295,https://placekitten.com/480/720
P05503592,全麦面包,法棍,36.9,299,https://picsum.photos/480/720
P60641347,全麦面包,吐司,34.7,1115,https://picsum.photos/480/720
P27200755,白面包,吐司,46.8,1851,https://dummyimage.com/480x720
P40908934,酸酵面包,扁平,39.4,549,https://dummyimage.com/480x720
P28357504,全麦面包,法棍,22.0,607,https://placekitten.com/480/720
P15727817,杂粮面包,扁平,47.5,894,https://picsum.photos/480/720
P73421819,白面包,吐司,17.3,1989,https://picsum.photos/480/720
P70427019,酸酵面包,花式,46.3,1671,https://placekitten.com/480/720
P76352283,全麦面包,法棍,14.9,685,https://placekitten.com/480/720
P91996800,杂粮面包,花式,26.8,461,https://dummyimage.com/480x720
P46131977,杂粮面包,牛角,42.5,1164,https://placekitten.com/480/720
P08168533,酸酵面包,扁平,42.1,1578,https://picsum.photos/480/720
P65445368,黑麦面包,扁平,40.3,154,https://dummyimage.com/480x720
P64714827,白面包,扁平,28.2,1790,https://dummyimage.com/480x720
P32898600,白面包,吐司,43.7,1062,https://picsum.photos/480/720
P62566686,酸酵面包,牛角,10.9,298,https://placekitten.com/480/720
P90282859,黑麦面包,吐司,11.5,489,https://picsum.photos/480/720
P99896689,酸酵面包,花式,25.4,1229,https://dummyimage.com/480x720
P00666235,酸酵面包,牛角,26.7,724,https://placekitten.com/480/720
P54386271,酸酵面包,花式,28.2,1079,https://picsum.photos/480/720
P70064449,杂粮面包,吐司,46.2,194,https://picsum.photos/480/720
P77050400,全麦面包,牛角,47.4,901,https://dummyimage.com/480x720
P66938816,黑麦面包,牛角,49.0,1824,https://picsum.photos/480/720
P68916287,酸酵面包,扁平,39.6,209,https://placekitten.com/480/720
P38857253,杂粮面包,花式,38.4,965,https://picsum.photos/480/720
P97107192,黑麦面包,吐司,48.3,1318,https://picsum.photos/480/720
P55178658,黑麦面包,花式,34.2,740,https://dummyimage.com/480x720
P40904879,全麦面包,吐司,44.5,1520,https://picsum.photos/480/720
P64451494,杂粮面包,法棍,27.7,1025,https://placekitten.com/480/720
P86150007,白面包,扁平,41.9,118,https://picsum.photos/480/720
P77435306,酸酵面包,花式,21.4,1253,https://placekitten.com/480/720
P72338176,白面包,牛角,12.6,174,https://placekitten.com/480/720
P93101595,黑麦面包,牛角,11.6,1598,https://picsum.photos/480/720
P35776915,杂粮面包,牛角,38.6,1520,https://picsum.photos/480/720
P54790347,白面包,扁平,43.7,789,https://dummyimage.com/480x720
P58925731,杂粮面包,吐司,10.6,835,https://dummyimage.com/480x720
P98008085,白面包,花式,40.0,370,https://placekitten.com/480/720
P35121203,全麦面包,牛角,32.5,1442,https://placekitten.com/480/720
P28208075,黑麦面包,吐司,11.0,1367,https://placekitten.com/480/720
P38314243,全麦面包,吐司,42.6,530,https://placekitten.com/480/720
P28758996,黑麦面包,扁平,15.3,1757,https://picsum.photos/480/720
P90491162,酸酵面包,牛角,41.8,782,https://placekitten.com/480/720
P02033471,全麦面包,吐司,23.4,555,https://picsum.photos/480/720
P42819270,全麦面包,花式,48.5,925,https://picsum.photos/480/720
P44500024,杂粮面包,牛角,11.8,368,https://dummyimage.com/480x720
P41797620,白面包,吐司,33.2,1120,https://picsum.photos/480/720
P43966619,杂粮面包,吐司,31.4,1223,https://dummyimage.com/480x720
P20714725,杂粮面包,牛角,29.9,394,https://placekitten.com/480/720
P57967503,全麦面包,吐司,26.6,1448,https://placekitten.com/480/720
P15253295,杂粮面包,花式,21.4,57,https://placekitten.com/480/720
P49736980,白面包,法棍,14.9,1085,https://placekitten.com/480/720
P04400489,黑麦面包,吐司,44.2,544,https://placekitten.com/480/720
P03768608,白面包,牛角,22.0,890,https://picsum.photos/480/720
P44409868,黑麦面包,花式,19.9,1048,https://placekitten.com/480/720
P02987396,酸酵面包,吐司,39.7,1833,https://picsum.photos/480/720
P90417161,酸酵面包,吐司,17.4,233,https://dummyimage.com/480x720
P76426739,白面包,牛角,16.2,464,https://placekitten.com/480/720
P00151970,全麦面包,吐司,11.8,13,https://placekitten.com/480/720
P71744737,白面包,扁平,11.2,1360,https://dummyimage.com/480x720
P06773320,酸酵面包,吐司,36.8,1222,https://placekitten.com/480/720
P18742463,黑麦面包,法棍,40.5,529,https://picsum.photos/480/720
P86931627,酸酵面包,吐司,18.3,285,https://dummyimage.com/480x720
P47151913,酸酵面包,花式,27.6,1316,https://picsum.photos/480/720
P42287703,白面包,花式,36.8,321,https://picsum.photos/480/720
P85121761,全麦面包,扁平,15.6,440,https://placekitten.com/480/720
P00794658,全麦面包,花式,31.9,1853,https://dummyimage.com/480x720
P49684266,全麦面包,扁平,16.6,372,https://picsum.photos/480/720
P38505933,白面包,扁平,33.5,1513,https://placekitten.com/480/720
P20533376,杂粮面包,法棍,46.3,691,https://placekitten.com/480/720
P57821961,全麦面包,法棍,20.4,1990,https://placekitten.com/480/720
P44231123,杂粮面包,牛角,41.9,393,https://dummyimage.com/480x720
P61571786,黑麦面包,吐司,27.6,1808,https://placekitten.com/480/720
P49863356,白面包,法棍,12.4,135,https://picsum.photos/480/720
P50870531,全麦面包,吐司,15.1,32,https://placekitten.com/480/720
P47185578,酸酵面包,法棍,27.4,1635,https://picsum.photos/480/720
P95613048,黑麦面包,扁平,21.9,958,https://dummyimage.com/480x720
P04927369,白面包,花式,17.6,501,https://dummyimage.com/480x720
