产品编号,颜色,类型,价格,库存,产品图片
P12890546,栗梅色,上衣,135.6,-190,https://dummyimage.com/480x720
P10213705,桔梗色,裤子,199.3,857,https://placekitten.com/480/720
P96889937,茜色,裙子,161.0,901,https://picsum.photos/480/720
P40123336,肉桂色,上衣,56.7,764,https://picsum.photos/480/720
P70919926,赤橙色,上衣,73.8,663,https://dummyimage.com/480x720
P53941737,肉桂色,上衣,211.8,-123,https://dummyimage.com/480x720
P40202139,桔梗色,裤子,138.2,544,https://dummyimage.com/480x720
P42813981,莺茶色,裤子,276.2,209,https://placekitten.com/480/720
P90120339,茜色,裙子,219.0,233,https://dummyimage.com/480x720
P39291929,木兰色,裤子,61.1,524,https://placekitten.com/480/720
P80613672,菖蒲色,裤子,102.2,-119,https://picsum.photos/480/720
P61588234,桔梗色,上衣,286.9,919,https://placekitten.com/480/720
P65068255,茜色,上衣,209.4,740,https://dummyimage.com/480x720
P21958385,木兰色,裙子,254.0,549,https://picsum.photos/480/720
P33311479,菖蒲色,裙子,277.0,287,https://picsum.photos/480/720
P90599461,莺茶色,裙子,209.0,716,https://picsum.photos/480/720
P02445737,肉桂色,裙子,283.0,884,https://placekitten.com/480/720
P24652064,肉桂色,外套,472.0,529,https://dummyimage.com/480x720
P46792613,栗梅色,上衣,296.0,632,https://picsum.photos/480/720
P37177300,栗梅色,上衣,100.6,430,https://dummyimage.com/480x720
P26125267,菖蒲色,裙子,189.0,125,https://picsum.photos/480/720
P62610551,桔梗色,裤子,245.9,245,https://placekitten.com/480/720
P91621479,绯色,裤子,194.6,775,https://dummyimage.com/480x720
P27482708,肉桂色,裤子,195.9,960,https://picsum.photos/480/720
P48609837,肉桂色,上衣,142.2,593,https://dummyimage.com/480x720
P16529133,赤橙色,上衣,288.9,900,https://dummyimage.com/480x720
P83108494,绯色,裤子,276.5,493,https://dummyimage.com/480x720
P12658753,菖蒲色,裤子,271.1,173,https://picsum.photos/480/720
P94963105,茜色,裙子,198.0,-183,https://picsum.photos/480/720
P39833102,茜色,上衣,198.2,44,https://picsum.photos/480/720
P82495417,木兰色,裙子,158.0,490,https://dummyimage.com/480x720
P90187331,赤橙色,上衣,137.0,730,https://dummyimage.com/480x720
P68267394,菖蒲色,裤子,62.7,375,https://placekitten.com/480/720
P49545489,青绿色,裙子,247.0,405,https://placekitten.com/480/720
P96641314,茜色,上衣,293.9,565,https://picsum.photos/480/720
P27988271,绯色,上衣,180.4,208,https://picsum.photos/480/720
P35443936,木兰色,裤子,192.8,296,https://dummyimage.com/480x720
P93884554,栗梅色,上衣,253.2,677,https://picsum.photos/480/720
P05079299,木兰色,上衣,196.9,460,https://placekitten.com/480/720
P96881822,莺茶色,上衣,200.6,395,https://picsum.photos/480/720
P00442047,赤橙色,上衣,209.8,551,https://placekitten.com/480/720
P80954206,赤橙色,上衣,242.6,600,https://dummyimage.com/480x720
P00045434,茜色,裤子,239.7,723,https://picsum.photos/480/720
P74941308,木兰色,上衣,198.6,776,https://picsum.photos/480/720
P17371570,青绿色,上衣,168.6,822,https://placekitten.com/480/720
P25620410,菖蒲色,裤子,261.1,543,https://picsum.photos/480/720
P93670809,桔梗色,上衣,163.2,-184,https://dummyimage.com/480x720
P12859591,菖蒲色,上衣,207.5,958,https://picsum.photos/480/720
P59242436,绯色,裤子,68.0,572,https://dummyimage.com/480x720
P29101452,绯色,上衣,239.5,974,https://placekitten.com/480/720
P39079577,绯色,裤子,111.8,-27,https://dummyimage.com/480x720
P55187384,桔梗色,裙子,272.0,879,https://placekitten.com/480/720
P23017736,绯色,上衣,196.7,756,https://placekitten.com/480/720
P08961924,绯色,上衣,91.3,-182,https://dummyimage.com/480x720
P81987549,青绿色,裤子,270.1,553,https://picsum.photos/480/720
P08287123,莺茶色,上衣,282.6,337,https://dummyimage.com/480x720
P95206394,栗梅色,裤子,222.9,-156,https://placekitten.com/480/720
P78501667,菖蒲色,裙子,183.0,91,https://placekitten.com/480/720
P12348876,栗梅色,上衣,118.6,111,https://picsum.photos/480/720
P99152104,青绿色,上衣,68.2,529,https://picsum.photos/480/720
P25318766,赤橙色,裙子,282.0,683,https://picsum.photos/480/720
P36741306,桔梗色,裙子,262.0,901,https://dummyimage.com/480x720
P01101675,青绿色,上衣,199.9,474,https://picsum.photos/480/720
P56524070,茜色,上衣,149.6,875,https://placekitten.com/480/720
P97581301,栗梅色,裤子,89.6,550,https://placekitten.com/480/720
P72390335,木兰色,裙子,257.0,448,https://dummyimage.com/480x720
P16362224,绯色,裤子,257.8,215,https://picsum.photos/480/720
P06619787,赤橙色,上衣,178.0,319,https://placekitten.com/480/720
P89949794,茜色,裤子,105.3,602,https://placekitten.com/480/720
P76892741,青绿色,裤子,76.0,963,https://placekitten.com/480/720
P97750043,菖蒲色,外套,347.0,157,https://picsum.photos/480/720
P47802528,木兰色,裙子,167.0,817,https://placekitten.com/480/720
P85576572,木兰色,裤子,109.9,116,https://picsum.photos/480/720
P62464658,桔梗色,裤子,187.0,574,https://picsum.photos/480/720
P86886013,栗梅色,裙子,155.0,334,https://placekitten.com/480/720
P41522343,桔梗色,裙子,219.0,630,https://placekitten.com/480/720
P63747677,木兰色,裤子,146.4,243,https://picsum.photos/480/720
P15638395,木兰色,裤子,88.1,808,https://placekitten.com/480/720
P24476551,栗梅色,上衣,186.8,318,https://dummyimage.com/480x720
P27454692,绯色,上衣,113.1,639,https://dummyimage.com/480x720
P41344465,青绿色,裤子,95.7,195,https://picsum.photos/480/720
P34041836,赤橙色,裙子,262.0,241,https://placekitten.com/480/720
P72108691,栗梅色,裤子,156.9,869,https://placekitten.com/480/720
P30725528,菖蒲色,裙子,293.0,148,https://dummyimage.com/480x720
P92202700,栗梅色,上衣,177.8,-160,https://picsum.photos/480/720
P20320218,菖蒲色,裤子,277.1,33,https://placekitten.com/480/720
P45477287,绯色,裤子,180.9,56,https://placekitten.com/480/720
P32747216,绯色,裤子,147.6,372,https://placekitten.com/480/720
P32106098,桔梗色,裤子,77.0,366,https://dummyimage.com/480x720
P40529440,莺茶色,外套,470.0,637,https://picsum.photos/480/720
P77354423,栗梅色,裙子,194.0,537,https://placekitten.com/480/720
P75722379,赤橙色,上衣,98.9,-71,https://dummyimage.com/480x720
P52235501,青绿色,上衣,296.6,394,https://picsum.photos/480/720
P98283396,木兰色,上衣,243.5,911,https://picsum.photos/480/720
P28527376,栗梅色,裤子,288.8,533,https://placekitten.com/480/720
P71233718,莺茶色,裤子,75.5,716,https://dummyimage.com/480x720
P22349848,赤橙色,裙子,280.0,837,https://dummyimage.com/480x720
P30838776,菖蒲色,外套,446.0,256,https://dummyimage.com/480x720
P52771101,木兰色,上衣,107.9,572,https://picsum.photos/480/720
P98164301,肉桂色,裙子,241.0,106,https://picsum.photos/480/720
P75420664,木兰色,裤子,77.5,563,https://dummyimage.com/480x720
P27629435,桔梗色,裤子,192.7,372,https://picsum.photos/480/720
P60775125,栗梅色,裙子,242.0,671,https://dummyimage.com/480x720
P12689321,栗梅色,上衣,66.0,246,https://dummyimage.com/480x720
P54789394,茜色,裤子,91.2,-138,https://placekitten.com/480/720
P68333104,桔梗色,上衣,257.5,152,https://dummyimage.com/480x720
P98097434,肉桂色,外套,354.0,906,https://dummyimage.com/480x720
P63877373,茜色,裙子,178.0,-55,https://dummyimage.com/480x720
P28257553,赤橙色,外套,303.0,621,https://picsum.photos/480/720
P41146734,肉桂色,裙子,289.0,-53,https://dummyimage.com/480x720
P21267569,青绿色,裤子,156.9,849,https://dummyimage.com/480x720
P59173272,栗梅色,裤子,240.4,571,https://picsum.photos/480/720
P31247779,莺茶色,外套,398.0,590,https://placekitten.com/480/720
P03964343,菖蒲色,裙子,222.0,230,https://placekitten.com/480/720
P09316277,肉桂色,裤子,243.9,539,https://picsum.photos/480/720
P51272350,绯色,裤子,199.1,220,https://picsum.photos/480/720
P18165458,茜色,裙子,264.0,669,https://picsum.photos/480/720
P60907499,桔梗色,裙子,168.0,591,https://placekitten.com/480/720
P66237763,肉桂色,裙子,277.0,543,https://dummyimage.com/480x720
P09354252,栗梅色,裙子,162.0,367,https://placekitten.com/480/720
P09663477,栗梅色,裤子,194.0,402,https://dummyimage.com/480x720
P57007116,绯色,外套,431.0,54,https://picsum.photos/480/720
P41177625,木兰色,裙子,278.0,-13,https://dummyimage.com/480x720
P07110064,肉桂色,外套,379.0,287,https://dummyimage.com/480x720
P93792355,赤橙色,裙子,197.0,877,https://dummyimage.com/480x720
P78981875,莺茶色,上衣,78.6,879,https://picsum.photos/480/720
P39417003,茜色,裤子,118.0,456,https://placekitten.com/480/720
P00762567,木兰色,上衣,80.0,685,https://placekitten.com/480/720
P18695537,肉桂色,外套,359.0,688,https://picsum.photos/480/720
P11649995,赤橙色,裤子,179.9,332,https://placekitten.com/480/720
P17666348,绯色,裤子,143.7,466,https://dummyimage.com/480x720
P85040721,绯色,裤子,61.2,-109,https://picsum.photos/480/720
P22353799,栗梅色,裙子,281.0,46,https://placekitten.com/480/720
P03449517,肉桂色,上衣,152.2,5,https://picsum.photos/480/720
P83771796,赤橙色,裤子,291.0,346,https://dummyimage.com/480x720
P60599936,绯色,上衣,156.3,752,https://placekitten.com/480/720
P35016433,青绿色,裤子,182.4,910,https://placekitten.com/480/720
P27775387,绯色,上衣,207.5,737,https://placekitten.com/480/720
P93626790,莺茶色,裤子,172.2,607,https://picsum.photos/480/720
P99735608,肉桂色,上衣,175.2,-177,https://picsum.photos/480/720
P95682657,桔梗色,裤子,249.8,567,https://placekitten.com/480/720
P42205302,桔梗色,裤子,190.9,385,https://placekitten.com/480/720
P98057966,莺茶色,外套,362.0,-184,https://placekitten.com/480/720
P33493172,栗梅色,裙子,168.0,-183,https://placekitten.com/480/720
P56096236,绯色,裤子,285.0,-125,https://picsum.photos/480/720
P17724264,绯色,裙子,157.0,415,https://placekitten.com/480/720
P92646064,肉桂色,裤子,141.8,926,https://picsum.photos/480/720
P08465894,青绿色,上衣,222.9,119,https://dummyimage.com/480x720
P72830421,桔梗色,裤子,126.0,807,https://dummyimage.com/480x720
P88565583,桔梗色,裙子,175.0,544,https://dummyimage.com/480x720
P18361454,茜色,上衣,131.2,885,https://placekitten.com/480/720
P57537382,绯色,外套,316.0,187,https://picsum.photos/480/720
P93851140,木兰色,上衣,56.5,884,https://picsum.photos/480/720
P41971983,桔梗色,裙子,241.0,145,https://placekitten.com/480/720
P30107216,茜色,裙子,280.0,-176,https://picsum.photos/480/720
P11619515,莺茶色,裤子,124.9,897,https://picsum.photos/480/720
P02388189,绯色,裤子,275.6,397,https://placekitten.com/480/720
P48758456,菖蒲色,上衣,262.6,689,https://placekitten.com/480/720
P75136306,茜色,上衣,186.3,998,https://placekitten.com/480/720
P20081545,茜色,裙子,250.0,94,https://placekitten.com/480/720
P49604144,菖蒲色,裤子,277.4,140,https://placekitten.com/480/720
P27091629,栗梅色,上衣,229.9,-91,https://placekitten.com/480/720
P81123764,赤橙色,裤子,238.9,408,https://picsum.photos/480/720
P90502761,肉桂色,上衣,65.7,-184,https://picsum.photos/480/720
P57883796,栗梅色,裤子,62.7,737,https://placekitten.com/480/720
P16106466,青绿色,上衣,273.4,-110,https://picsum.photos/480/720
P81293034,青绿色,上衣,213.6,803,https://placekitten.com/480/720
P79127827,茜色,裙子,187.0,902,https://placekitten.com/480/720
P79757071,青绿色,裤子,240.7,111,https://picsum.photos/480/720
P15675195,肉桂色,裙子,178.0,4,https://placekitten.com/480/720
P67660629,绯色,裙子,200.0,883,https://dummyimage.com/480x720
P43881156,栗梅色,上衣,69.3,836,https://placekitten.com/480/720
P20102956,绯色,裤子,241.1,401,https://dummyimage.com/480x720
P46169291,茜色,裤子,79.4,262,https://placekitten.com/480/720
P94750362,桔梗色,裤子,184.6,600,https://dummyimage.com/480x720
P06650278,肉桂色,裙子,262.0,392,https://picsum.photos/480/720
P43533656,木兰色,裙子,291.0,-89,https://dummyimage.com/480x720
P45275488,桔梗色,上衣,123.5,691,https://placekitten.com/480/720
P68024525,菖蒲色,裙子,201.0,-104,https://picsum.photos/480/720
P59271762,木兰色,上衣,296.5,977,https://picsum.photos/480/720
P58203934,绯色,裤子,260.9,-5,https://dummyimage.com/480x720
P19031540,木兰色,裙子,262.0,536,https://dummyimage.com/480x720
P55422150,莺茶色,裤子,74.1,162,https://picsum.photos/480/720
P97567548,莺茶色,上衣,54.7,-91,https://placekitten.com/480/720
P12688919,栗梅色,裙子,249.0,830,https://dummyimage.com/480x720
P66751715,茜色,裙子,195.0,612,https://picsum.photos/480/720
P54002084,茜色,上衣,156.6,211,https://placekitten.com/480/720
P17724454,木兰色,裙子,223.0,460,https://picsum.photos/480/720
P76835023,莺茶色,裤子,126.5,817,https://placekitten.com/480/720
P92910803,茜色,上衣,217.7,548,https://placekitten.com/480/720
P82866672,栗梅色,外套,358.0,658,https://placekitten.com/480/720
P41009600,木兰色,裙子,263.0,216,https://dummyimage.com/480x720
P90142351,莺茶色,外套,425.0,127,https://dummyimage.com/480x720
P37445494,茜色,裤子,210.1,344,https://picsum.photos/480/720
P15764680,栗梅色,裙子,217.0,874,https://placekitten.com/480/720
P99024144,绯色,上衣,116.5,185,https://picsum.photos/480/720
P59266881,菖蒲色,裙子,159.0,911,https://placekitten.com/480/720
P50421097,茜色,上衣,142.5,128,https://picsum.photos/480/720
P59861518,菖蒲色,裙子,298.0,331,https://placekitten.com/480/720
P29389776,肉桂色,裤子,56.8,-58,https://dummyimage.com/480x720
P89210228,木兰色,上衣,200.5,-14,https://placekitten.com/480/720
P92483754,木兰色,上衣,75.0,854,https://dummyimage.com/480x720
P25486558,肉桂色,上衣,143.8,205,https://dummyimage.com/480x720
P78248887,肉桂色,裤子,293.9,247,https://dummyimage.com/480x720
P77257579,菖蒲色,裤子,129.0,522,https://placekitten.com/480/720
P55924275,青绿色,裙子,165.0,269,https://picsum.photos/480/720
P80563358,肉桂色,上衣,185.8,827,https://dummyimage.com/480x720
P86382786,木兰色,裙子,238.0,-118,https://placekitten.com/480/720
P00767165,赤橙色,裤子,145.0,561,https://dummyimage.com/480x720
P62839799,赤橙色,裤子,174.0,50,https://placekitten.com/480/720
P46016366,莺茶色,上衣,107.5,707,https://picsum.photos/480/720
P26166821,莺茶色,裙子,297.0,828,https://picsum.photos/480/720
P81923098,赤橙色,上衣,218.5,861,https://dummyimage.com/480x720
P87769744,肉桂色,裙子,232.0,-165,https://picsum.photos/480/720
P16670259,木兰色,裙子,278.0,86,https://placekitten.com/480/720
P88705541,赤橙色,上衣,245.9,103,https://dummyimage.com/480x720
P11798913,赤橙色,外套,316.0,724,https://dummyimage.com/480x720
P77606811,桔梗色,裤子,201.9,795,https://picsum.photos/480/720
P19099359,青绿色,上衣,194.9,-89,https://picsum.photos/480/720
P04802905,肉桂色,裙子,220.0,389,https://dummyimage.com/480x720
P80703274,莺茶色,裤子,72.2,751,https://picsum.photos/480/720
P50269576,莺茶色,上衣,99.8,224,https://dummyimage.com/480x720
P41479207,青绿色,外套,446.0,655,https://placekitten.com/480/720
P93736092,菖蒲色,裤子,159.5,618,https://picsum.photos/480/720
P65513293,莺茶色,上衣,275.9,-98,https://placekitten.com/480/720
P90322557,肉桂色,裙子,156.0,-80,https://placekitten.com/480/720
P81533760,菖蒲色,外套,391.0,331,https://placekitten.com/480/720
P39371360,赤橙色,上衣,256.9,917,https://picsum.photos/480/720
P82515691,赤橙色,裙子,262.0,484,https://placekitten.com/480/720
P36433381,赤橙色,上衣,58.8,486,https://placekitten.com/480/720
P95397226,桔梗色,上衣,226.3,854,https://dummyimage.com/480x720
P63439001,青绿色,裤子,74.1,289,https://picsum.photos/480/720
P06228534,茜色,裙子,242.0,-29,https://picsum.photos/480/720
P88910297,桔梗色,裙子,240.0,919,https://picsum.photos/480/720
P87981991,菖蒲色,裙子,248.0,110,https://picsum.photos/480/720
P56597672,青绿色,裙子,264.0,-177,https://placekitten.com/480/720
P02383726,木兰色,上衣,295.6,441,https://placekitten.com/480/720
P71522450,莺茶色,上衣,219.6,276,https://picsum.photos/480/720
P94358732,茜色,上衣,281.4,267,https://placekitten.com/480/720
P84012717,莺茶色,上衣,267.0,21,https://picsum.photos/480/720
P33135348,赤橙色,裙子,214.0,-176,https://dummyimage.com/480x720
P79633921,肉桂色,裙子,213.0,703,https://picsum.photos/480/720
P48331600,茜色,上衣,269.5,931,https://placekitten.com/480/720
P39058278,栗梅色,上衣,186.1,911,https://placekitten.com/480/720
P87113037,茜色,裤子,250.0,168,https://placekitten.com/480/720
P33339313,肉桂色,裤子,58.1,-150,https://picsum.photos/480/720
P35377117,茜色,外套,499.0,279,https://placekitten.com/480/720
P06288967,木兰色,裙子,216.0,552,https://dummyimage.com/480x720
P49625522,栗梅色,上衣,196.9,63,https://dummyimage.com/480x720
P09969643,绯色,上衣,54.5,937,https://dummyimage.com/480x720
P64785260,桔梗色,裤子,161.8,454,https://dummyimage.com/480x720
P15715762,莺茶色,裙子,227.0,-150,https://dummyimage.com/480x720
P61974441,木兰色,外套,447.0,363,https://dummyimage.com/480x720
P85073731,莺茶色,外套,426.0,664,https://picsum.photos/480/720
P47561100,肉桂色,裙子,161.0,848,https://picsum.photos/480/720
P82832813,茜色,上衣,155.9,938,https://picsum.photos/480/720
P44730314,木兰色,裤子,215.6,314,https://picsum.photos/480/720
P66583659,肉桂色,裙子,269.0,327,https://picsum.photos/480/720
P46415263,莺茶色,外套,481.0,-6,https://picsum.photos/480/720
P20490384,菖蒲色,裤子,293.5,484,https://picsum.photos/480/720
P33611610,茜色,裙子,240.0,729,https://picsum.photos/480/720
P15981919,绯色,上衣,195.5,56,https://dummyimage.com/480x720
P00183076,木兰色,上衣,109.3,52,https://picsum.photos/480/720
P32679424,栗梅色,裙子,270.0,994,https://dummyimage.com/480x720
P48527046,绯色,外套,324.0,424,https://picsum.photos/480/720
P98947028,青绿色,裙子,234.0,473,https://placekitten.com/480/720
P16037074,木兰色,裙子,199.0,672,https://placekitten.com/480/720
P61493265,青绿色,上衣,248.7,26,https://dummyimage.com/480x720
P14300552,茜色,裙子,183.0,871,https://dummyimage.com/480x720
P69682912,木兰色,上衣,229.3,135,https://picsum.photos/480/720
P85917045,桔梗色,裙子,259.0,661,https://picsum.photos/480/720
P87543679,桔梗色,裙子,248.0,515,https://dummyimage.com/480x720
P41750443,菖蒲色,裤子,230.0,723,https://dummyimage.com/480x720
P57482916,肉桂色,裙子,280.0,-32,https://dummyimage.com/480x720
P29519492,肉桂色,裙子,268.0,221,https://placekitten.com/480/720
P14628284,茜色,裤子,284.6,957,https://dummyimage.com/480x720
P00907429,青绿色,裙子,224.0,938,https://placekitten.com/480/720
P11918599,茜色,上衣,182.8,775,https://dummyimage.com/480x720
P10064287,青绿色,裤子,165.3,747,https://dummyimage.com/480x720
P45003570,栗梅色,裙子,197.0,279,https://placekitten.com/480/720
P48257319,青绿色,上衣,220.0,-12,https://dummyimage.com/480x720
P27864071,赤橙色,裙子,247.0,910,https://picsum.photos/480/720
P77425410,莺茶色,上衣,139.3,16,https://picsum.photos/480/720
P69722417,栗梅色,上衣,82.2,501,https://dummyimage.com/480x720
P05341458,青绿色,裙子,280.0,980,https://picsum.photos/480/720
P83816813,莺茶色,上衣,236.8,436,https://placekitten.com/480/720
P42861159,栗梅色,裤子,265.7,733,https://placekitten.com/480/720
P45304011,绯色,裤子,225.0,-191,https://picsum.photos/480/720
P53313512,栗梅色,裙子,214.0,572,https://picsum.photos/480/720
P40124918,绯色,裤子,60.0,577,https://placekitten.com/480/720
P06818316,木兰色,裙子,179.0,249,https://placekitten.com/480/720
P71648494,肉桂色,上衣,100.5,969,https://picsum.photos/480/720
P49598763,肉桂色,上衣,199.5,672,https://dummyimage.com/480x720
P64776879,栗梅色,裤子,284.1,339,https://placekitten.com/480/720
P42318665,栗梅色,裤子,176.2,471,https://dummyimage.com/480x720
P40098547,菖蒲色,上衣,262.2,55,https://dummyimage.com/480x720
P49163659,肉桂色,裤子,222.6,360,https://dummyimage.com/480x720
P26138734,栗梅色,裙子,238.0,879,https://dummyimage.com/480x720
P16741913,菖蒲色,裙子,283.0,457,https://placekitten.com/480/720
P34085833,莺茶色,裙子,257.0,-198,https://dummyimage.com/480x720
P74821387,赤橙色,上衣,80.8,750,https://picsum.photos/480/720
P36872445,莺茶色,上衣,85.7,-28,https://picsum.photos/480/720
P40412558,木兰色,上衣,282.6,17,https://dummyimage.com/480x720
P74069142,绯色,裙子,186.0,665,https://placekitten.com/480/720
P67488341,青绿色,裤子,55.1,55,https://dummyimage.com/480x720
P29314665,栗梅色,裙子,280.0,-188,https://picsum.photos/480/720
P54442479,栗梅色,裙子,184.0,822,https://dummyimage.com/480x720
P36457182,栗梅色,裙子,229.0,264,https://dummyimage.com/480x720
P87612621,青绿色,外套,339.0,786,https://dummyimage.com/480x720
P32074862,赤橙色,上衣,142.6,301,https://dummyimage.com/480x720
P09807675,木兰色,外套,449.0,823,https://placekitten.com/480/720
P68604437,肉桂色,上衣,248.3,987,https://picsum.photos/480/720
P30635452,绯色,上衣,69.8,71,https://dummyimage.com/480x720
P33623693,莺茶色,上衣,246.7,838,https://picsum.photos/480/720
P57121049,绯色,外套,434.0,142,https://dummyimage.com/480x720
P06405300,赤橙色,外套,399.0,641,https://picsum.photos/480/720
P71771181,茜色,上衣,281.3,558,https://dummyimage.com/480x720
P11256837,莺茶色,裙子,279.0,132,https://dummyimage.com/480x720
P43859820,菖蒲色,外套,339.0,-85,https://picsum.photos/480/720
P06668288,青绿色,上衣,220.9,882,https://picsum.photos/480/720
P68862350,赤橙色,裙子,250.0,542,https://dummyimage.com/480x720
P45743580,肉桂色,上衣,204.2,400,https://picsum.photos/480/720
P23724275,桔梗色,外套,386.0,94,https://dummyimage.com/480x720
P08099981,木兰色,上衣,184.5,455,https://placekitten.com/480/720
P33590724,茜色,裙子,242.0,-81,https://dummyimage.com/480x720
P95052832,栗梅色,上衣,283.0,383,https://placekitten.com/480/720
P56497124,桔梗色,上衣,153.5,618,https://placekitten.com/480/720
P62958124,莺茶色,外套,465.0,228,https://placekitten.com/480/720
P65656124,栗梅色,裙子,260.0,388,https://picsum.photos/480/720
P64086712,绯色,外套,341.0,98,https://dummyimage.com/480x720
P22470140,绯色,裤子,150.7,-182,https://picsum.photos/480/720
P08990035,菖蒲色,裙子,281.0,979,https://placekitten.com/480/720
P44230549,木兰色,裤子,281.4,704,https://placekitten.com/480/720
P43423397,菖蒲色,裙子,289.0,-105,https://dummyimage.com/480x720
P73411491,青绿色,裙子,284.0,617,https://placekitten.com/480/720
P63090911,赤橙色,上衣,191.8,-154,https://dummyimage.com/480x720
P03752238,肉桂色,裙子,152.0,79,https://placekitten.com/480/720
P08823899,桔梗色,上衣,152.9,748,https://picsum.photos/480/720
P57399567,茜色,裤子,104.3,737,https://dummyimage.com/480x720
P99714602,绯色,上衣,229.6,925,https://dummyimage.com/480x720
P53139903,菖蒲色,上衣,157.1,-56,https://placekitten.com/480/720
P35914688,赤橙色,裤子,279.1,729,https://dummyimage.com/480x720
P75031703,绯色,上衣,79.8,570,https://picsum.photos/480/720
P81153539,栗梅色,裙子,252.0,228,https://dummyimage.com/480x720
P10982856,木兰色,外套,398.0,-100,https://dummyimage.com/480x720
P64153023,莺茶色,裙子,270.0,382,https://placekitten.com/480/720
P53558002,莺茶色,裤子,94.3,354,https://picsum.photos/480/720
P94128711,莺茶色,上衣,231.4,871,https://picsum.photos/480/720
P73503402,茜色,上衣,205.2,231,https://picsum.photos/480/720
P76595917,肉桂色,裤子,214.4,747,https://dummyimage.com/480x720
P91444410,菖蒲色,外套,473.0,427,https://picsum.photos/480/720
P91489157,桔梗色,外套,392.0,-115,https://placekitten.com/480/720
P42335310,绯色,裤子,59.2,439,https://placekitten.com/480/720
P17667333,赤橙色,上衣,98.2,831,https://picsum.photos/480/720
P50366572,绯色,裙子,245.0,356,https://picsum.photos/480/720
P30395187,栗梅色,裙子,229.0,260,https://placekitten.com/480/720
P78749182,栗梅色,裙子,217.0,783,https://placekitten.com/480/720
P26077708,菖蒲色,上衣,267.0,365,https://picsum.photos/480/720
P76551830,绯色,裤子,179.5,748,https://picsum.photos/480/720
P24625803,肉桂色,裤子,99.8,957,https://dummyimage.com/480x720
P66350071,木兰色,裤子,200.0,332,https://placekitten.com/480/720
P52771975,茜色,裤子,263.7,654,https://dummyimage.com/480x720
P44189830,莺茶色,外套,344.0,503,https://dummyimage.com/480x720
P31025255,青绿色,裤子,70.6,231,https://picsum.photos/480/720
P74112850,桔梗色,裙子,197.0,281,https://dummyimage.com/480x720
P50109420,茜色,裤子,55.9,-131,https://dummyimage.com/480x720
P64443391,肉桂色,裤子,263.0,371,https://placekitten.com/480/720
P53519053,桔梗色,裙子,271.0,823,https://picsum.photos/480/720
P08060855,赤橙色,上衣,200.8,99,https://dummyimage.com/480x720
P52135610,木兰色,上衣,226.6,267,https://placekitten.com/480/720
P30169975,桔梗色,上衣,130.7,971,https://placekitten.com/480/720
P48299809,茜色,裤子,62.8,782,https://dummyimage.com/480x720
P27752951,莺茶色,裙子,208.0,-194,https://placekitten.com/480/720
P41273843,莺茶色,上衣,228.2,411,https://dummyimage.com/480x720
P81866455,莺茶色,裤子,181.9,-21,https://placekitten.com/480/720
P90396412,莺茶色,上衣,185.8,836,https://dummyimage.com/480x720
P06377673,菖蒲色,外套,438.0,613,https://placekitten.com/480/720
P90639210,莺茶色,上衣,160.8,559,https://dummyimage.com/480x720
P99644742,赤橙色,上衣,118.1,305,https://placekitten.com/480/720
P85277657,菖蒲色,裙子,294.0,227,https://dummyimage.com/480x720
P57893085,栗梅色,上衣,254.1,346,https://placekitten.com/480/720
P96137674,绯色,裤子,72.1,-48,https://dummyimage.com/480x720
P29343048,青绿色,裙子,253.0,218,https://placekitten.com/480/720
P07621374,茜色,裙子,160.0,-6,https://picsum.photos/480/720
P31421633,莺茶色,上衣,52.9,272,https://dummyimage.com/480x720
P66650946,栗梅色,裙子,236.0,370,https://picsum.photos/480/720
P84644757,青绿色,上衣,298.7,235,https://placekitten.com/480/720
P42507164,茜色,裙子,248.0,167,https://picsum.photos/480/720
P52506159,青绿色,裤子,131.0,769,https://placekitten.com/480/720
P55975073,赤橙色,外套,372.0,-27,https://placekitten.com/480/720
P12423448,茜色,上衣,54.8,459,https://dummyimage.com/480x720
P98358229,桔梗色,裙子,234.0,881,https://placekitten.com/480/720
P94971102,菖蒲色,裙子,235.0,491,https://picsum.photos/480/720
P32400575,肉桂色,裙子,222.0,202,https://placekitten.com/480/720
P38641539,木兰色,上衣,163.5,807,https://picsum.photos/480/720
P46800057,栗梅色,裤子,121.2,217,https://picsum.photos/480/720
P93434617,赤橙色,外套,321.0,336,https://picsum.photos/480/720
P47825989,菖蒲色,上衣,61.7,369,https://placekitten.com/480/720
P64415673,桔梗色,裙子,190.0,769,https://dummyimage.com/480x720
P43661287,赤橙色,上衣,208.1,970,https://placekitten.com/480/720
P14490396,栗梅色,裤子,260.6,-50,https://picsum.photos/480/720
P18099146,肉桂色,上衣,103.6,625,https://dummyimage.com/480x720
P79989253,绯色,裙子,253.0,-178,https://picsum.photos/480/720
P94539028,肉桂色,裙子,248.0,835,https://dummyimage.com/480x720
P77577755,莺茶色,上衣,285.6,246,https://picsum.photos/480/720
P51504637,木兰色,裤子,199.9,-1,https://dummyimage.com/480x720
P33885842,木兰色,裤子,66.2,563,https://picsum.photos/480/720
P69093251,木兰色,上衣,194.8,773,https://dummyimage.com/480x720
P56577297,莺茶色,外套,361.0,522,https://placekitten.com/480/720
P13864863,赤橙色,上衣,84.2,-147,https://placekitten.com/480/720
P02366816,栗梅色,裙子,228.0,-159,https://dummyimage.com/480x720
P84309583,青绿色,裤子,66.1,896,https://placekitten.com/480/720
P14708418,肉桂色,裤子,61.9,722,https://picsum.photos/480/720
P88026066,菖蒲色,裙子,178.0,7,https://picsum.photos/480/720
P92981145,绯色,裤子,81.6,919,https://dummyimage.com/480x720
P10024180,赤橙色,外套,308.0,661,https://placekitten.com/480/720
P68633995,莺茶色,裙子,285.0,744,https://placekitten.com/480/720
P46071732,绯色,上衣,63.4,-161,https://dummyimage.com/480x720
P13633039,木兰色,裤子,252.6,960,https://placekitten.com/480/720
P21681733,桔梗色,上衣,56.2,727,https://picsum.photos/480/720
P07185923,菖蒲色,裙子,227.0,85,https://placekitten.com/480/720
P95042375,木兰色,裙子,174.0,981,https://picsum.photos/480/720
P91616713,栗梅色,上衣,74.2,379,https://placekitten.com/480/720
P25780929,菖蒲色,上衣,217.0,362,https://picsum.photos/480/720
P48477697,莺茶色,裙子,181.0,134,https://picsum.photos/480/720
P90263005,赤橙色,外套,419.0,292,https://picsum.photos/480/720
P33588732,青绿色,外套,370.0,153,https://dummyimage.com/480x720
P69426105,栗梅色,裤子,250.6,874,https://picsum.photos/480/720
P46802439,茜色,裤子,116.7,789,https://picsum.photos/480/720
P93961815,菖蒲色,上衣,102.3,-123,https://picsum.photos/480/720
P58883866,栗梅色,裙子,164.0,932,https://picsum.photos/480/720
P97862076,菖蒲色,上衣,270.5,851,https://placekitten.com/480/720
P39472689,青绿色,裤子,197.8,400,https://picsum.photos/480/720
P40360555,青绿色,上衣,104.9,871,https://picsum.photos/480/720
P71288987,肉桂色,外套,367.0,-11,https://picsum.photos/480/720
P32700374,莺茶色,上衣,84.0,-158,https://picsum.photos/480/720
P20534549,赤橙色,裙子,200.0,139,https://picsum.photos/480/720
P82726711,木兰色,裙子,160.0,-55,https://picsum.photos/480/720
P14223124,菖蒲色,上衣,274.3,142,https://picsum.photos/480/720
P45479649,栗梅色,裙子,225.0,759,https://dummyimage.com/480x720
P81848537,青绿色,裙子,259.0,832,https://picsum.photos/480/720
P16504830,青绿色,外套,498.0,388,https://dummyimage.com/480x720
P32375980,茜色,上衣,251.8,426,https://picsum.photos/480/720
P52976259,赤橙色,上衣,101.8,948,https://picsum.photos/480/720
P90930194,木兰色,外套,452.0,56,https://placekitten.com/480/720
P44858617,青绿色,裙子,241.0,851,https://placekitten.com/480/720
P16770913,赤橙色,裙子,220.0,14,https://placekitten.com/480/720
P28038496,木兰色,裙子,244.0,250,https://picsum.photos/480/720
P33692555,赤橙色,裙子,292.0,831,https://dummyimage.com/480x720
P71756651,茜色,裙子,265.0,746,https://picsum.photos/480/720
P67737224,栗梅色,裙子,163.0,-153,https://dummyimage.com/480x720
P68195392,绯色,上衣,107.0,-53,https://placekitten.com/480/720
P48037720,菖蒲色,上衣,206.7,-175,https://dummyimage.com/480x720
P48797890,茜色,裙子,252.0,620,https://dummyimage.com/480x720
P49981886,绯色,外套,489.0,514,https://picsum.photos/480/720
P36867606,桔梗色,裙子,282.0,735,https://placekitten.com/480/720
P93534407,莺茶色,裤子,51.2,618,https://picsum.photos/480/720
P70047249,肉桂色,裙子,271.0,924,https://placekitten.com/480/720
P39281026,桔梗色,上衣,279.1,540,https://picsum.photos/480/720
P30934161,桔梗色,上衣,238.6,131,https://dummyimage.com/480x720
P78518377,绯色,裙子,251.0,692,https://picsum.photos/480/720
P34346637,莺茶色,裤子,68.1,-141,https://picsum.photos/480/720
P93779486,青绿色,上衣,235.9,709,https://dummyimage.com/480x720
P57175951,青绿色,上衣,70.0,872,https://picsum.photos/480/720
P27218169,栗梅色,裙子,249.0,834,https://placekitten.com/480/720
P00549864,菖蒲色,裤子,65.6,879,https://dummyimage.com/480x720
P33846376,木兰色,裙子,243.0,172,https://dummyimage.com/480x720
P18680449,赤橙色,裙子,203.0,150,https://dummyimage.com/480x720
P85110727,桔梗色,裙子,240.0,813,https://dummyimage.com/480x720
P94453885,肉桂色,裤子,83.3,761,https://dummyimage.com/480x720
P16763466,莺茶色,上衣,215.0,354,https://picsum.photos/480/720
P13101884,赤橙色,上衣,161.5,849,https://dummyimage.com/480x720
P09291578,茜色,裤子,282.6,778,https://placekitten.com/480/720
P81160180,莺茶色,上衣,271.7,436,https://dummyimage.com/480x720
P70444787,茜色,上衣,99.4,298,https://placekitten.com/480/720
P97971866,肉桂色,外套,478.0,-107,https://picsum.photos/480/720
P85725800,莺茶色,上衣,255.3,823,https://picsum.photos/480/720
P22774994,肉桂色,上衣,130.5,664,https://picsum.photos/480/720
P17319482,栗梅色,上衣,244.6,673,https://placekitten.com/480/720
P46360322,肉桂色,上衣,144.0,-101,https://placekitten.com/480/720
P54287872,赤橙色,上衣,148.9,38,https://dummyimage.com/480x720
P79394521,木兰色,裤子,257.7,254,https://dummyimage.com/480x720
P83120217,栗梅色,上衣,130.5,401,https://placekitten.com/480/720
P54713454,赤橙色,裙子,246.0,807,https://placekitten.com/480/720
P82505989,赤橙色,裙子,281.0,907,https://dummyimage.com/480x720
P22536627,赤橙色,上衣,213.9,216,https://placekitten.com/480/720
P61381658,赤橙色,上衣,206.5,995,https://picsum.photos/480/720
P22637137,赤橙色,上衣,290.0,810,https://picsum.photos/480/720
P19609156,栗梅色,裤子,100.4,324,https://placekitten.com/480/720
P82013479,莺茶色,裙子,247.0,395,https://dummyimage.com/480x720
P30257234,绯色,上衣,110.5,707,https://dummyimage.com/480x720
P75789834,木兰色,裙子,239.0,-190,https://picsum.photos/480/720
P82199434,桔梗色,上衣,210.2,874,https://dummyimage.com/480x720
P70518868,绯色,裙子,205.0,-109,https://picsum.photos/480/720
P52800412,栗梅色,上衣,74.8,21,https://dummyimage.com/480x720
P27811559,肉桂色,上衣,101.6,185,https://dummyimage.com/480x720
P00716943,青绿色,裙子,151.0,309,https://placekitten.com/480/720
P80447010,绯色,裙子,161.0,304,https://placekitten.com/480/720
P34530347,木兰色,上衣,253.0,-139,https://placekitten.com/480/720
P85931708,木兰色,上衣,183.2,311,https://picsum.photos/480/720
